"","gene","probe","T1","T2","T3","C1","C2","C3"
"1",1,1,168.68,83.05,103.02,137.08,165.92,112.41
"2",1,2,681.18,534.05,479.02,603.08,605.42,420.91
"3",1,3,989.18,809.35,717.02,851.08,981.42,724.91
"4",1,4,31.22,30.23,13.57,19.76,15.91,22.29
"5",1,5,227.18,255.05,114.02,237.08,193.42,136.41
"6",1,6,87.18,91.85,41.98,77.58,128.22,83.21
"7",1,7,1279.18,1279.05,959.32,1212.58,1188.22,818.91
"8",1,8,857.48,1175.05,868.52,759.38,798.42,770.91
"9",1,9,122.18,112.35,63.07,84.38,110.42,109.71
"10",1,10,43.18,34.12,22.32,41.59,35.74,40.71
"11",1,11,162.48,172.05,93.02,158.58,140.42,135.91
"12",2,1,250.68,228.05,168.82,195.38,213.72,195.41
"13",2,2,65.18,76.05,17.95,48.58,44.42,43.91
"14",2,3,459.98,417.35,394.82,427.08,374.42,500.91
"15",2,4,866.18,851.05,689.52,781.38,942.42,847.21
"16",2,5,12.15,16.18,11.26,10.15,57.22,5.7
"17",2,6,409.18,412.05,331.02,335.88,410.22,285.91
"18",2,7,120.68,182.05,121.02,125.08,103.42,138.91
"19",2,8,52.18,24.19,12.68,25.26,22.95,19.62
"20",2,9,329.18,275.35,244.02,236.88,248.72,251.91
"21",2,10,23.94,23.58,9.58,18.07,11.47,9.32
"22",2,11,1070.68,1116.05,757.02,943.08,798.42,657.71
"23",3,1,14.38,10.5,10.89,16.47,7.5,10.35
"24",3,2,25.17,18.07,9.16,10.15,29.83,10.6
"25",3,3,69.18,107.05,35.12,53.08,65.42,53.91
"26",3,4,71.98,90.05,21.89,51.58,59.42,54.91
"27",3,5,34.2,35.4,16.62,26.22,19.51,34.92
"28",3,6,90.48,143.05,48.45,65.38,75.42,61.21
"29",3,7,543.18,643.05,495.02,443.08,503.22,507.91
"30",3,8,1853.98,1972.85,1816.02,1653.08,1975.42,1599.91
"31",3,9,423.68,511.35,398.32,412.08,453.22,364.91
"32",3,10,83.68,83.05,27.31,69.08,112.42,73.21
"33",3,11,28.27,38.07,14.5,18.31,23.86,23.22
"34",4,1,136.18,170.05,100.32,125.88,122.42,69.21
"35",4,2,115.18,111.35,36.6,92.08,99.42,66.71
"36",4,3,5.8,6.56,7.51,5.49,8.13,8.11
"37",4,4,146.18,113.05,83.82,114.08,153.72,135.91
"38",4,5,20.74,22.88,11.26,15.71,19.75,8.18
"39",4,6,28.27,41.06,19.76,31.41,24.78,30.75
"40",4,7,205.18,281.05,225.02,219.58,232.72,258.91
"41",4,8,226.48,287.35,205.02,192.08,238.42,206.91
"42",4,9,14.38,17.71,11.04,16.47,17.15,10.1
"43",4,10,37.69,54.05,24.63,60.08,61.92,35.92
"44",4,11,33.2,24.64,11.72,15.71,19.51,17.53
"45",5,1,28.27,45.05,10.89,17.66,18.94,12.43
"46",5,2,4.53,6.1,8.66,5.71,6.93,4.49
"47",5,3,10.51,14.1,11.79,9.68,8.83,6.72
"48",5,4,12.75,16.31,10.78,9.68,12.54,14.87
"49",5,5,7.28,5.76,8.27,4.91,4.11,7.01
"50",5,6,5.86,10.17,8.62,9.23,11.99,4.7
"51",5,7,61.98,40.36,16.81,31.12,46.42,28.98
"52",5,8,787.18,729.55,503.02,637.08,607.42,442.91
"53",5,9,54.18,54.05,14.27,39.09,54.42,22.29
"54",5,10,1319.68,1235.35,869.52,1694.08,1374.42,1163.91
"55",5,11,21.64,40.06,14.82,26.03,16.63,25.39
"56",6,1,19.01,5.76,10.48,6.45,10.97,4.91
"57",6,2,15.31,13.7,11.15,13.59,15.7,25.1
"58",6,3,326.18,184.55,175.82,239.58,246.42,166.91
"59",6,4,4.46,6.34,7.22,6.88,6.43,4.57
"60",6,5,130.18,239.55,131.02,114.08,126.42,97.91
"61",6,6,220.48,244.05,204.02,216.08,202.42,218.41
"62",6,7,5.17,5.59,8.27,5.09,9.96,5.94
"63",6,8,13.91,16.65,9.13,19.76,10.05,8.77
"64",6,9,71.18,74.05,16.73,56.08,63.72,34.92
"65",6,10,66.18,69.55,25.68,48.08,49.42,68.91
"66",6,11,3648.18,4143.85,3704.02,3133.08,3789.42,3830.41
"67",7,1,76.18,102.05,31.59,57.88,55.72,54.21
"68",7,2,9.69,44.55,8.84,12.33,22.06,7.65
"69",7,3,1353.18,1701.05,1519.02,1199.88,1287.92,1197.91
"70",7,4,6.28,14.28,7.62,7.44,8.23,7.32
"71",7,5,215.68,515.05,193.02,202.08,260.42,241.91
"72",7,6,208.18,229.05,168.02,224.38,203.42,205.41
"73",7,7,110.18,69.85,39.33,57.88,72.22,52.91
"74",7,8,7.88,15.33,8.4,8.33,9.62,6.72
"75",7,9,685.18,880.05,686.52,709.08,829.72,715.91
"76",7,10,262.18,215.35,161.02,235.38,268.22,154.41
"77",7,11,81.18,89.55,35.36,101.08,83.72,29.76
"78",8,1,46.18,65.35,14.12,45.09,26.65,42.91
"79",8,2,263.18,326.05,243.52,243.08,229.42,290.91
"80",8,3,142.18,181.05,122.02,113.38,178.42,178.91
"81",8,4,81.48,87.85,53.25,85.88,70.22,84.91
"82",8,5,388.18,334.05,371.02,315.38,388.42,394.91
"83",8,6,4.81,8.09,6.69,11.74,5.83,4.54
"84",8,7,149.18,115.05,87.02,150.08,123.42,94.91
"85",8,8,311.18,195.05,213.82,278.08,278.42,184.21
"86",8,9,483.48,615.05,306.82,491.08,432.42,316.21
"87",8,10,2918.48,2563.55,1981.02,2564.88,2478.42,1444.91
"88",8,11,61.48,66.05,82.02,57.08,41.23,54.91
"89",9,1,54.98,58.05,13.51,28.16,32.97,31.94
"90",9,2,10.26,10.17,9.16,8.6,23.86,8.57
"91",9,3,75.18,100.05,48.45,47.58,59.42,58.91
"92",9,4,106.18,73.05,59.12,68.88,71.72,97.21
"93",9,5,4.95,9.7,7.66,3.76,4.59,3.65
"94",9,6,7.77,8.71,9.08,9.68,16.41,7.75
"95",9,7,44.18,22.45,11.56,9.36,23.86,9.41
"96",9,8,167.18,143.35,86.02,157.58,142.22,78.91
"97",9,9,596.98,795.85,580.32,577.38,586.22,524.71
"98",9,10,141.68,187.05,133.32,135.08,170.42,140.91
"99",9,11,66.18,69.55,46.85,43.39,53.42,51.91
"100",10,1,183.68,174.05,147.02,181.08,205.22,190.91
"101",10,2,199.18,221.35,160.82,135.88,231.42,160.41
"102",10,3,170.68,226.05,134.32,142.08,185.42,165.41
"103",10,4,60.18,65.35,19.62,52.88,182.42,51.21
"104",10,5,52.18,77.05,14.59,45.09,52.22,25.58
"105",10,6,10.92,27.38,10.22,8.14,19.75,13.51
"106",10,7,627.68,656.05,632.02,532.08,573.42,612.91
"107",10,8,379.68,463.05,345.32,305.38,355.42,336.21
"108",10,9,72.18,90.55,37.61,64.08,68.42,71.21
"109",10,10,423.18,411.85,347.02,361.08,481.42,437.21
"110",10,11,316.18,349.35,391.02,313.08,347.72,348.91
"111",11,1,319.68,461.05,387.02,314.08,449.42,434.71
"112",11,2,322.18,348.05,387.32,259.08,291.42,395.21
"113",11,3,2632.98,2786.05,2383.52,2564.88,2329.42,2094.41
"114",11,4,123.18,123.55,61.09,108.08,98.92,74.71
"115",11,5,23.01,9.97,15.51,32.41,12.71,26.54
"116",11,6,162.18,196.05,66.05,145.08,190.72,84.41
"117",11,7,12.44,7.8,20.74,10.15,7.8,7.42
"118",11,8,224.18,250.05,160.82,225.08,173.72,165.41
"119",11,9,49.18,70.05,21,44.09,53.42,46.41
"120",11,10,10.26,13.99,10.72,6.73,9.96,8.77
"121",11,11,9.47,27.38,9.9,11.35,10.05,17.78
"122",12,1,7.6,39.07,10.42,11.19,31.29,5.7
"123",12,2,14.38,25.36,13.57,17.25,15.91,7.1
"124",12,3,5.57,8.09,6.89,5.56,10.49,8
"125",12,4,4.49,9.22,7.45,4.7,9.62,4.32
"126",12,5,219.48,235.35,147.02,189.88,207.92,172.91
"127",12,6,15.31,12.98,9,18.9,10.05,10.1
"128",12,7,4.41,5.27,6.16,3.88,5.13,4.42
"129",12,8,234.18,278.35,176.52,201.08,195.72,177.91
"130",12,9,293.68,290.05,191.02,210.08,221.42,227.21
"131",12,10,342.18,357.05,235.52,249.08,303.92,233.91
"132",12,11,1287.18,1368.55,1151.52,1316.58,1214.42,1152.91
"133",13,1,2010.18,1873.35,2002.82,1805.38,2245.42,1939.91
"134",13,2,1344.18,1417.05,1121.32,1110.08,1375.22,1057.21
"135",13,3,258.18,333.35,203.32,218.08,272.72,227.41
"136",13,4,242.48,242.05,221.32,225.38,240.72,221.71
"137",13,5,269.18,227.85,246.02,202.88,282.22,233.91
"138",13,6,308.18,342.85,252.82,254.58,369.42,303.71
"139",13,7,319.98,433.05,281.02,265.08,359.72,288.91
"140",13,8,125.18,172.05,99.02,121.08,164.72,109.91
"141",13,9,137.68,113.55,61.09,94.08,116.42,111.21
"142",13,10,13.25,10.58,8.66,14.27,26.94,6.44
"143",13,11,104.18,81.55,83.02,71.08,102.42,99.91
"144",14,1,197.18,193.05,137.02,133.58,213.92,178.91
"145",14,2,6.28,6.34,7.54,3.47,15.21,5.18
"146",14,3,4.98,5.76,7.2,4.74,7.21,6.18
"147",14,4,3.94,7.6,7.28,3.76,5.87,4.91
"148",14,5,893.48,1136.85,833.52,745.08,1125.42,917.41
"149",14,6,441.48,628.05,259.52,381.08,380.92,306.91
"150",14,7,924.18,982.55,704.82,743.08,841.92,797.91
"151",14,8,251.18,358.05,216.52,192.58,285.42,273.91
"152",14,9,1743.18,2348.85,1901.32,1863.08,1979.42,1871.41
"153",14,10,375.48,516.05,305.32,319.88,442.42,369.91
"154",14,11,486.18,837.05,714.32,773.88,807.42,710.41
"155",15,1,1022.98,899.35,762.32,833.38,999.42,878.91
"156",15,2,422.18,537.05,352.02,416.38,474.92,426.91
"157",15,3,2824.18,2802.05,2811.32,2288.08,2973.92,2800.91
"158",15,4,299.18,309.05,147.32,192.08,299.42,170.21
"159",15,5,585.18,412.55,421.52,418.08,427.22,379.71
"160",15,6,689.98,715.05,514.82,571.08,620.72,554.91
"161",15,7,144.68,90.05,115.02,104.08,147.22,171.91
"162",15,8,123.18,156.05,104.82,150.88,141.22,147.21
"163",15,9,1019.18,1000.35,1015.02,934.38,981.42,1100.91
"164",15,10,698.18,777.55,746.02,537.08,761.92,682.91
"165",15,11,13.71,12.98,10.03,8.03,16.41,10.6
"166",16,1,77.18,51.55,27.18,72.88,94.72,61.91
"167",16,2,437.18,454.55,466.02,390.08,600.72,455.91
"168",16,3,78.68,104.05,30.69,69.88,119.92,65.91
"169",16,4,1144.68,1561.05,1224.02,971.08,1265.42,1072.71
"170",16,5,1336.48,1639.55,1375.02,1302.58,1853.42,1322.71
"171",16,6,1470.68,1499.85,1298.02,1331.08,1641.42,1500.41
"172",16,7,125.68,148.05,88.82,105.08,186.42,111.91
"173",16,8,124.98,135.05,173.82,121.88,206.92,145.91
"174",16,9,1495.18,1636.85,1409.32,1299.08,1359.72,1236.91
"175",16,10,2051.48,2924.05,2014.02,1730.08,2196.72,2142.91
"176",16,11,5.17,6.41,6.76,3.76,5.04,4.42
"177",17,1,68.68,63.35,36.6,52.08,54.92,27.8
"178",17,2,171.18,186.55,143.02,161.38,158.72,164.41
"179",17,3,37.99,60.85,23.56,26.51,33.76,57.91
"180",17,4,235.18,225.05,96.02,204.08,162.42,130.91
"181",17,5,154.48,116.35,54.03,91.38,144.42,119.91
"182",17,6,16.58,16.51,12.87,12.95,29.54,13.37
"183",17,7,117.68,121.05,53.54,110.08,94.92,81.71
"184",17,8,21.19,24.46,9.13,10.66,16.41,11.39
"185",17,9,140.18,121.05,92.32,100.08,93.42,88.91
"186",17,10,37.19,41.36,10.42,10.06,43.72,12.87
"187",17,11,12.15,8.09,9.16,10.66,9.33,8
"188",18,1,110.68,107.55,51.8,86.58,93.42,83.41
"189",18,2,56.98,49.55,22.32,35.59,42.43,30.95
"190",18,3,371.18,946.05,228.52,285.08,361.22,248.21
"191",18,4,35.19,53.05,21.1,20.64,30.51,25.87
"192",18,5,19.87,23.75,11.96,11.19,11.47,17.13
"193",18,6,43.48,44.85,15.87,43.89,47.42,25.39
"194",18,7,144.18,131.35,93.52,131.08,134.42,82.91
"195",18,8,8.91,8.09,7.28,5.95,6.04,7.01
"196",18,9,180.18,197.85,157.02,195.08,169.22,175.41
"197",18,10,11.3,12.45,11.72,21.53,17.91,9.19
"198",18,11,7.44,8.33,10.18,7.78,8.13,6.44
"199",19,1,431.98,418.05,233.02,422.88,381.72,277.71
"200",19,2,198.98,263.35,103.02,194.08,220.92,118.41
"201",19,3,133.18,178.05,61.09,142.08,149.42,91.21
"202",19,4,14.25,38.07,10.28,10.81,10.97,7.26
"203",19,5,89.48,146.05,34.15,110.08,94.42,68.91
"204",19,6,19.87,33.14,14.02,14.27,15.01,17.94
"205",19,7,5.53,7.09,6.76,6.14,9.83,3.76
"206",19,8,955.18,772.05,842.82,807.38,861.42,735.91
"207",19,9,104.48,81.05,40.21,54.38,158.92,72.91
"208",19,10,279.98,243.05,101.02,238.38,188.72,142.91
"209",19,11,53.68,74.05,38.47,65.08,111.42,58.91
"210",20,1,329.48,443.05,226.02,308.58,316.42,251.91
"211",20,2,1035.98,1351.05,966.52,957.58,1146.42,975.91
"212",20,3,950.18,1203.05,1058.02,919.08,1114.42,1059.91
"213",20,4,59.48,41.06,13,25.55,41.43,54.91
"214",20,5,100.18,68.05,64.07,64.08,72.42,86.91
"215",20,6,22.55,11.95,11.56,17.25,38.23,8.57
"216",20,7,3.74,4.34,8.84,3.44,7.44,4.57
"217",20,8,5.04,6.78,9.46,5.09,6.5,6.26
"218",20,9,34.2,71.05,13.87,13.14,32.47,16.58
"219",20,10,8.51,15.98,8.17,9.36,22.06,12.14
"220",20,11,54.18,36.39,15.26,16.7,48.42,31.94
"221",21,1,139.18,73.05,87.02,109.88,134.42,90.21
"222",21,2,329.18,292.35,192.82,245.08,316.92,243.21
"223",21,3,103.98,91.85,35.12,82.08,215.72,72.21
"224",21,4,71.48,67.05,30.84,46.39,85.42,66.21
"225",21,5,3.98,4.97,6.69,5.39,4.2,3.76
"226",21,6,7.77,13.14,8.52,8.03,5.54,5.45
"227",21,7,63.68,85.55,29.96,43.39,50.42,60.91
"228",21,8,11.57,8.98,10.42,9.36,12.54,11.96
"229",21,9,26.32,23.75,9.99,8.03,20.76,6.86
"230",21,10,128.18,153.05,58.13,92.88,91.42,84.91
"231",21,11,74.18,90.35,43.16,49.38,73.92,64.21
"232",22,1,33.5,7.6,11.79,12.33,34.45,10.75
"233",22,2,5.37,7.01,7.51,4.04,6.68,5.34
"234",22,3,4.98,55.55,8.55,4.7,90.42,12.25
"235",22,4,5.33,8.09,7.06,6.73,7.96,5.94
"236",22,5,4.34,9.4,8.24,4.13,4.88,4.62
"237",22,6,12.63,6.85,11.04,17.9,15.7,7.82
"238",22,7,10.66,10.58,9.16,6.19,5.21,7.32
"239",22,8,13.71,22.71,17.53,14.97,203.42,25.58
"240",22,9,14.95,7.8,8.55,8.41,6.31,7.32
"241",22,10,7.88,9.78,7.43,4.74,8.06,6.72
"242",22,11,6.97,7.34,6.69,4.17,16.41,10.5
"243",23,1,6.03,6.34,8.04,3.49,31.49,6.72
"244",23,2,4.06,6.78,6.09,5.95,4.73,4
"245",23,3,6.82,7.26,9.16,4.62,18.94,5.94
"246",23,4,5.57,6.85,8,6.73,7.5,6.52
"247",23,5,12.44,15.33,8.13,9.02,15.01,8.97
"248",23,6,8.51,16.86,9,16.47,12.54,4.74
"249",23,7,6.03,6.67,8.24,8.81,16.05,8.49
"250",23,8,5.47,7.39,7.81,4.42,16.63,8.49
"251",23,9,7.12,15.01,8.84,4.91,52.42,7.42
"252",23,10,5.47,9.78,7.43,7.68,10.49,8
"253",23,11,6.03,11.71,10.09,7.03,6.43,8
"254",24,1,4.69,10.71,9.85,4.82,6.43,7.01
"255",24,2,5.86,9.4,8.52,4.65,4.73,3.65
"256",24,3,8.91,8.71,12.87,5.06,5.77,4.57
"257",24,4,22.55,26.27,23.28,28.65,19.51,28.98
"258",24,5,122.18,108.05,76.03,86.58,51.22,88.41
"259",24,6,219.18,148.05,109.02,156.58,225.42,124.91
"260",24,7,461.18,362.05,267.32,407.58,393.72,331.71
"261",24,8,327.18,251.05,270.02,226.88,293.42,294.91
"262",24,9,79.18,59.05,15.51,60.08,61.72,37.22
"263",24,10,81.18,59.05,31.21,50.08,70.42,53.21
"264",24,11,39.18,30.23,21.1,28.65,24.78,19.02
"265",25,1,32.01,42.06,28.33,41.09,30.8,61.91
"266",25,2,20.3,20.38,12.87,9.02,16.41,8.37
"267",25,3,33.7,38.07,23.28,37.09,91.92,27.8
"268",25,4,165.18,160.05,129.02,147.38,135.72,127.91
"269",25,5,93.18,75.05,65.06,75.08,71.22,44.91
"270",25,6,60.68,24.19,28.33,24.31,43.43,31.44
"271",25,7,1251.68,1361.55,1420.52,1003.58,1262.42,1383.91
"272",25,8,411.68,466.05,356.02,425.08,535.72,346.91
"273",25,9,56.68,55.35,30.69,47.38,51.92,27.02
"274",25,10,250.18,235.05,187.02,186.08,273.42,238.71
"275",25,11,80.48,109.35,69.04,87.08,59.92,50.21
"276",26,1,1003.48,1134.05,904.02,884.08,1053.92,875.91
"277",26,2,6.03,7.47,9.85,4,6.93,3.71
"278",26,3,7.12,5.95,11.6,3.85,8.23,5
"279",26,4,16.58,7.09,9.67,13.14,10.05,8
"280",26,5,7.06,7.01,19.15,5.29,5.94,6.31
"281",26,6,62.98,82.05,40.91,55.88,36.44,62.21
"282",26,7,115.98,119.05,35.53,63.08,68.92,48.91
"283",26,8,12.44,22.28,15.16,16.7,40.93,15.09
"284",26,9,102.18,94.05,46.85,91.88,79.42,72.91
"285",26,10,421.18,427.85,289.02,378.38,310.72,250.91
"286",26,11,396.48,407.85,308.82,356.88,380.22,347.41
"287",27,1,525.48,511.05,490.82,482.08,457.22,468.71
"288",27,2,1480.68,1629.05,1578.52,1585.88,1792.72,1668.21
"289",27,3,9.34,7.26,10.52,10.66,11.47,5.24
"290",27,4,21.46,19.59,20,17.25,12.71,12.25
"291",27,5,6.91,8.71,12.47,9.36,7.5,5.77
"292",27,6,5.64,8.39,9.16,6.32,6.88,5.28
"293",27,7,5.47,6.56,11.33,4.27,4.73,3.88
"294",27,8,3.6,6.14,6.66,5.09,4.59,5.09
"295",27,9,299.68,172.05,166.02,225.38,201.42,194.91
"296",27,10,117.68,89.55,85.02,123.58,122.92,112.91
"297",27,11,20.57,56.05,19.15,23.18,40.43,29.27
"298",28,1,18.18,14.7,11.79,10.81,9.22,12.74
"299",28,2,8.91,8.39,8.31,7.34,6.31,5.49
"300",28,3,9.56,12.71,13.87,7.61,142.92,10.1
"301",28,4,26.32,14.1,20.1,35.39,10.05,23.22
"302",28,5,44.68,26.46,15.87,22.44,26.18,11.67
"303",28,6,29.74,30.52,17.01,25.26,33.76,29.47
"304",28,7,8.32,7.88,9.99,9.45,17.91,7.65
"305",28,8,21.64,21.44,9.58,13.79,12.54,7.65
"306",28,9,4.81,4.4,14.43,5.71,4.88,4
"307",28,10,42.18,24.91,29.03,67.88,43.43,42.71
"308",28,11,23.48,64.35,30.47,43.09,31.49,32.43
"309",29,1,34.2,35.1,22.43,36.09,54.42,23.22
"310",29,2,40.18,22.88,11.26,32.11,27.61,39.41
"311",29,3,41.18,60.05,30.47,36.09,33.46,48.41
"312",29,4,183.18,211.05,48.45,172.08,144.42,94.21
"313",29,5,126.48,100.05,144.02,129.08,113.42,106.21
"314",29,6,7.44,7.09,8.47,7.34,6.5,5.28
"315",29,7,8.91,30.52,8.97,11.74,5.94,7.32
"316",29,8,5.57,14.89,7.57,7.34,5.94,6.72
"317",29,9,12.44,7.01,23.28,9.82,10.05,6.26
"318",29,10,9.79,13.53,19.76,12.95,15.01,13.51
"319",29,11,5.37,19.98,13.23,5.39,6.8,7.65
"320",30,1,6.28,6.45,6.81,7.68,8.3,6.58
"321",30,2,79.48,91.55,50.36,52.08,65.42,53.91
"322",30,3,91.18,63.05,53.25,92.08,59.72,67.91
"323",30,4,788.18,654.05,566.02,672.08,556.42,461.91
"324",30,5,2482.68,2961.35,1835.02,2388.58,2042.42,1817.91
"325",30,6,27.58,20.79,13.87,23.84,9.62,8.11
"326",30,7,258.18,395.05,181.32,200.08,292.22,126.71
"327",30,8,67.18,85.05,53.25,65.58,85.22,46.91
"328",30,9,48.18,33.92,17.83,30.43,27.61,17.53
"329",30,10,4.46,20.79,14.18,8.93,9.41,6.13
"330",30,11,490.18,480.05,360.02,486.08,515.42,371.91
"331",31,1,106.68,128.55,90.02,113.38,276.42,100.91
"332",31,2,42.18,30.52,17.62,25.55,35.45,13.51
"333",31,3,58.18,78.05,14.18,51.08,58.42,26.54
"334",31,4,126.48,161.85,132.82,148.58,150.42,106.91
"335",31,5,209.48,209.05,143.02,199.08,159.92,98.21
"336",31,6,102.98,147.05,84.02,97.08,93.22,74.71
"337",31,7,2444.98,2514.05,2091.02,2020.08,2775.92,1961.41
"338",31,8,38.19,29.27,66.05,45.09,58.42,47.41
"339",31,9,131.48,135.55,83.82,139.08,92.42,91.41
"340",31,10,419.18,357.35,253.02,354.08,279.22,234.41
"341",31,11,12.75,19.98,14.12,17.09,26.65,8.49
"342",32,1,278.18,336.55,170.02,289.08,278.22,171.91
"343",32,2,361.18,390.35,270.02,331.08,317.22,261.71
"344",32,3,260.48,254.05,170.32,182.08,187.22,133.41
"345",32,4,64.98,58.05,54.22,76.08,41.43,52.91
"346",32,5,64.98,100.55,75.53,70.08,82.42,80.21
"347",32,6,84.48,94.05,59.42,96.08,81.42,72.91
"348",32,7,298.18,325.55,117.82,237.08,236.22,116.91
"349",32,8,179.18,226.35,105.82,176.08,208.42,88.91
"350",32,9,5.37,4.77,8.55,4.65,4.32,5.55
"351",32,10,11.46,24.64,15.51,8.41,16.41,14.17
"352",32,11,145.18,167.05,48.45,159.38,139.92,71.71
"353",33,1,58.68,91.05,28.89,59.58,64.42,51.91
"354",33,2,162.18,256.05,112.02,134.08,131.42,120.41
"355",33,3,145.18,107.05,95.32,133.88,110.22,70.91
"356",33,4,4.53,6.34,7.39,4.46,5.44,5.28
"357",33,5,7.77,6.34,8.4,4.91,5.87,6.72
"358",33,6,102.48,89.05,60.11,79.88,94.42,61.91
"359",33,7,8.51,7.34,7.68,9.68,6.68,5.89
"360",33,8,7.77,11.61,7.1,7.68,10.18,6.18
"361",33,9,5.17,9.4,10.72,9.68,8.83,5.05
"362",33,10,6.15,7.52,6.42,4.82,6.93,10.5
"363",33,11,8.51,18.29,9.32,6.73,11.88,10.86
"364",34,1,5.8,7.26,8,4.17,7.29,6.72
"365",34,2,198.48,243.05,111.32,176.08,147.42,103.91
"366",34,3,3.35,4.49,6.39,5,4.96,6.52
"367",34,4,4.98,6.78,7.78,4.13,22.33,8.77
"368",34,5,15.09,5.76,8.55,7.34,9.62,6.44
"369",34,6,37.19,28.61,16.62,41.09,48.42,49.91
"370",34,7,79.18,29.27,35.12,51.38,87.92,69.71
"371",34,8,272.98,255.85,215.02,243.08,156.92,270.41
"372",34,9,900.68,1187.55,699.82,830.08,951.72,679.21
"373",34,10,969.98,942.35,690.02,901.38,960.42,669.71
"374",34,11,238.18,266.05,235.02,198.88,290.42,275.91
"375",35,1,68.18,68.35,32.73,70.08,47.42,63.21
"376",35,2,288.18,363.05,266.82,251.38,291.42,276.91
"377",35,3,1202.68,1391.55,1295.02,1067.08,1314.22,1238.91
"378",35,4,470.18,593.05,550.02,390.58,577.42,523.91
"379",35,5,42.48,32.16,20.1,27.19,22.95,11.84
"380",35,6,60.18,39.56,37.19,51.38,70.42,35.22
"381",35,7,32.21,48.05,31.96,45.09,68.42,39.91
"382",35,8,158.18,142.05,140.02,158.08,151.42,155.91
"383",35,9,550.18,607.05,594.32,488.08,517.92,531.91
"384",35,10,368.18,393.05,372.32,321.08,380.42,304.91
"385",35,11,4.34,4.7,10.83,4,5.04,3.55
"386",36,1,76.98,65.35,48.93,68.08,57.42,53.21
"387",36,2,15.31,15.33,10.78,8.14,9.83,8.37
"388",36,3,91.18,79.05,34.55,81.08,57.72,61.71
"389",36,4,48.18,40.06,15.79,34.1,35.74,24.63
"390",36,5,22.37,22.45,15.16,23.65,25.24,11.12
"391",36,6,39.18,29.75,13,46.59,23.67,17.94
"392",36,7,18.43,22.03,13,9.68,12.83,9.19
"393",36,8,4.81,9.51,10.32,5.35,6.5,3.52
"394",36,9,4.53,4.87,15.87,3.59,9.62,4.74
"395",36,10,9.34,11.02,8.84,11.74,12.54,10.6
"396",36,11,79.18,75.05,37.87,83.08,63.42,59.91
"397",37,1,300.18,279.05,244.52,256.38,319.42,175.21
"398",37,2,304.18,283.05,180.32,273.88,284.42,175.91
"399",37,3,12.44,10.8,10.62,7.34,11.47,17.94
"400",37,4,24.42,22.71,9.32,21.53,47.22,12.87
"401",37,5,221.18,234.05,129.52,188.88,211.42,127.41
"402",37,6,10.26,10.58,6.79,5.83,7.5,5.7
"403",37,7,210.98,330.05,131.02,204.88,264.42,145.91
"404",37,8,5.17,8.18,7.37,5.78,6.43,6.44
"405",37,9,535.18,612.55,384.82,461.38,516.42,435.71
"406",37,10,33.2,37.08,13.57,37.59,32.47,13.05
"407",37,11,6.36,11.15,6.57,6.07,8.4,8.3
"408",38,1,36.19,28.32,13.87,33.1,17.15,21.39
"409",38,2,8.43,8.09,8.55,11.19,8.95,7.32
"410",38,3,48.18,37.87,44.07,50.58,42.43,37.72
"411",38,4,5.57,5.76,6.86,4.74,4.81,6.72
"412",38,5,5.57,5.27,6.99,3.65,6.43,5.89
"413",38,6,23.48,22.88,9.67,13.59,22.33,8.77
"414",38,7,11.46,7.8,8.55,4.79,17.15,8.3
"415",38,8,96.18,100.85,31.06,74.38,91.72,40.41
"416",38,9,10.77,8.98,8.04,5.09,7.8,4.62
"417",38,10,618.18,648.05,472.02,514.08,590.22,556.91
"418",38,11,191.18,183.05,123.82,137.88,150.22,129.71
"419",39,1,197.68,160.35,80.82,166.08,70.42,133.21
"420",39,2,155.98,243.05,82.02,173.08,115.42,89.91
"421",39,3,133.98,101.55,103.02,118.08,89.42,103.91
"422",39,4,7.12,17.35,13.57,9.23,36.44,8.77
"423",39,5,17.37,9.05,10.83,9.23,16.63,6.44
"424",39,6,8.51,6.78,11.96,6.45,6.27,7.93
"425",39,7,11.3,7.8,9.13,4.82,7.15,7.01
"426",39,8,70.18,60.35,18.39,59.08,52.72,37.91
"427",39,9,4.64,5.04,9.24,7.44,5.98,9.32
"428",39,10,150.18,99.55,74.03,139.08,117.42,86.91
"429",39,11,184.18,205.05,65.56,153.08,192.42,86.71
"430",40,1,119.98,99.55,61.09,104.08,125.92,74.91
"431",40,2,111.98,151.35,66.35,124.08,87.92,99.91
"432",40,3,141.18,117.05,136.52,123.38,80.72,116.91
"433",40,4,578.98,663.05,495.82,954.08,1293.42,1076.91
"434",40,5,508.18,386.05,705.32,823.08,908.92,1450.91
"435",40,6,1013.48,1097.05,1223.02,1614.08,1937.42,2053.91
"436",40,7,1691.18,1991.05,2111.02,1899.58,2091.92,2646.71
"437",40,8,563.68,689.35,712.32,965.38,1019.42,1390.41
"438",40,9,535.18,683.05,530.32,1088.38,1216.42,1100.91
"439",40,10,486.68,559.05,513.32,791.08,914.42,1025.91
"440",40,11,880.18,1115.05,832.02,1410.08,1616.42,1546.91
"441",41,1,795.98,971.05,1151.02,1579.88,1465.22,2161.91
"442",41,2,637.48,942.05,890.82,1049.08,1439.22,1890.71
"443",41,3,178.98,165.05,95.02,239.08,298.22,271.21
"444",41,4,144.18,132.05,88.52,198.58,338.22,297.21
"445",41,5,110.18,113.05,123.02,156.38,303.42,306.71
"446",41,6,47.18,61.05,13.23,105.58,136.42,76.41
"447",41,7,654.18,890.05,720.02,1094.58,1151.42,1169.71
"448",41,8,1394.48,1036.55,1371.02,1601.08,1647.72,2330.71
"449",41,9,50.98,49.05,25.87,47.08,79.42,49.91
"450",41,10,11.3,14.28,15.33,18.73,15.21,11.67
"451",41,11,63.18,57.05,29.24,48.08,43.92,54.41
"452",42,1,151.18,204.85,104.02,181.08,145.22,92.21
"453",42,2,215.18,236.05,108.82,215.08,189.42,145.71
"454",42,3,15.45,22.88,11.56,14.27,19.51,9.86
"455",42,4,19.7,24.64,13.57,28.16,29.83,18.77
"456",42,5,306.68,330.05,269.02,312.08,317.42,241.91
"457",42,6,1167.18,1439.05,762.82,969.08,1087.92,706.71
"458",42,7,5.57,12.45,8.27,7.34,10.18,5.7
"459",42,8,11.57,18.07,9.16,24.59,9.62,13.18
"460",42,9,209.18,238.35,135.02,180.58,167.22,151.41
"461",42,10,43.18,60.05,14.82,34.1,21.19,36.92
"462",42,11,5.8,8.39,13,7.44,4.88,3.58
"463",43,1,4.34,4.7,10.22,5.71,5.57,4.54
"464",43,2,7.44,17.35,9.24,8.81,8.47,10.75
"465",43,3,38.69,43.05,13.57,29.14,29.83,12.25
"466",43,4,441.18,648.05,476.02,446.08,478.42,430.41
"467",43,5,1123.18,1142.85,991.02,1119.08,962.42,842.71
"468",43,6,536.18,534.05,532.52,441.58,461.72,625.71
"469",43,7,230.18,218.85,155.02,227.08,183.42,175.71
"470",43,8,74.18,53.05,56.66,60.08,75.42,77.91
"471",43,9,330.18,309.55,214.02,211.08,222.42,209.91
"472",43,10,398.18,421.05,384.52,313.08,354.72,376.21
"473",43,11,75.98,113.35,64.07,62.08,95.72,66.21
"474",44,1,6.41,21.86,9,11.74,6.75,11.12
"475",44,2,352.18,423.05,246.82,257.08,326.72,228.91
"476",44,3,19.44,64.55,9.67,34.6,25.99,11.39
"477",44,4,20.3,12.98,10.22,8.41,12.54,8.49
"478",44,5,86.48,122.85,62.38,110.08,92.22,96.91
"479",44,6,1249.68,1295.05,1142.02,1090.08,1277.42,1152.41
"480",44,7,864.48,1131.05,784.32,751.08,936.22,778.91
"481",44,8,84.18,47.05,20.74,94.58,41.43,47.91
"482",44,9,26.32,18.07,22.88,26.22,23.86,25.1
"483",44,10,52.18,61.05,32.73,54.58,41.43,39.41
"484",44,11,4.64,12.98,7.39,11.19,10.63,8.77
"485",45,1,189.48,172.55,86.02,151.08,102.72,104.91
"486",45,2,15.31,36.09,14.92,18.73,13.91,9.19
"487",45,3,111.18,135.05,86.02,100.08,108.42,102.91
"488",45,4,13.06,15.98,9.67,6.45,12.54,6.18
"489",45,5,418.18,481.05,329.02,526.08,438.42,349.91
"490",45,6,248.18,515.85,74.03,349.08,289.42,89.21
"491",45,7,8.06,9.22,9.72,5.83,8.83,14.17
"492",45,8,372.48,415.05,237.02,299.08,264.22,252.91
"493",45,9,512.18,589.05,411.02,439.08,504.22,440.91
"494",45,10,89.18,83.85,36.77,87.88,97.42,69.91
"495",45,11,14.95,13.99,21.89,12.64,21.62,19.62
"496",46,1,46.18,51.05,34.31,40.09,29.54,39.71
"497",46,2,6.82,8.88,6.48,5.83,8.47,5.15
"498",46,3,34.2,35.1,10.03,12.82,21.19,15.09
"499",46,4,13.06,7.52,8.06,9.68,9.83,15.09
"500",46,5,55.48,74.35,28.54,83.08,52.92,55.91
"501",46,6,76.18,85.55,33.91,49.08,78.42,56.91
"502",46,7,27.29,41.06,50.84,28.16,23.4,14.87
"503",46,8,12.44,23.32,9.85,12.95,13.72,12.56
"504",46,9,11.86,10.58,9.81,9.23,9.41,11.12
"505",46,10,164.18,217.85,98.02,123.08,125.42,128.91
"506",46,11,1410.18,1321.85,1466.02,1287.08,1296.92,1536.91
"507",47,1,150.18,77.05,64.36,101.38,71.42,99.91
"508",47,2,147.48,108.05,85.02,104.08,97.42,103.91
"509",47,3,316.18,368.85,183.82,242.38,278.92,255.91
"510",47,4,86.48,87.35,23.16,73.38,86.42,27.51
"511",47,5,5.57,5.95,8.17,5.95,5.39,9.41
"512",47,6,8.63,8.71,8.33,8.41,8.13,13.84
"513",47,7,101.68,148.05,79.83,122.08,81.42,97.71
"514",47,8,41.68,71.35,47.98,34.6,37.44,29.96
"515",47,9,43.48,60.05,13.87,40.89,49.42,28.98
"516",47,10,17.37,34.61,12.41,21.53,28.09,16.35
"517",47,11,34.2,82.05,23.86,21.53,94.42,62.21
"518",48,1,14.73,10.58,12.41,9.23,6.8,11.01
"519",48,2,9.79,17.35,9.9,16.7,7.9,16.74
"520",48,3,11.3,12.98,18.26,12.33,9.22,10.1
"521",48,4,8.13,14.1,7.68,6.88,14.03,5.77
"522",48,5,7.77,11.95,10.42,7.03,10.49,8.11
"523",48,6,9.79,14.1,9.85,11.19,13.12,10.1
"524",48,7,21.64,33.14,10.72,13.93,20.34,16.35
"525",48,8,32.21,21.03,12.95,32.11,15.91,16.35
"526",48,9,8.13,10.17,9.32,8.03,6.2,8
"527",48,10,9.79,9.4,10.89,11.19,8.13,8
"528",48,11,11.3,7.26,11.72,14.48,5.77,4.7
"529",49,1,6.41,12.98,10.28,4.91,13.42,16.58
"530",49,2,66.18,57.05,19.15,56.88,68.22,28
"531",49,3,18.18,25.54,9.24,13.59,9.62,7.48
"532",49,4,60.48,71.05,56.47,62.08,59.72,54.91
"533",49,5,12.44,13.53,16.62,14.27,18.94,11.39
"534",49,6,12.63,17.56,10.83,7.03,17.15,8.89
"535",49,7,185.98,200.05,190.32,172.08,164.42,210.21
"536",49,8,147.18,188.85,148.52,143.08,147.72,182.91
"537",49,9,604.68,519.05,509.52,481.08,536.42,529.91
"538",49,10,318.48,341.05,346.02,281.08,325.42,321.91
"539",49,11,112.18,101.05,61.59,111.08,124.72,90.21
"540",50,1,80.68,111.55,105.02,144.38,80.92,70.41
"541",50,2,23.48,11.47,9.16,21.53,10.05,17.78
"542",50,3,112.18,87.85,86.02,84.58,78.42,93.91
"543",50,4,191.48,192.05,141.52,167.88,128.42,185.91
"544",50,5,7.12,8.39,11.21,5.95,5.35,5.94
"545",50,6,55.48,58.05,43.8,55.08,58.42,53.91
"546",50,7,50.68,74.05,30.47,45.09,61.42,69.91
"547",50,8,48.18,53.05,33.91,63.58,67.42,72.91
"548",50,9,6.54,7.09,6.71,7.03,4.66,5.7
"549",50,10,8.51,9.05,9.16,10.15,8.65,6.01
"550",50,11,327.18,312.35,219.52,267.58,245.22,273.91
"551",51,1,434.18,402.85,307.32,357.88,393.22,294.71
"552",51,2,91.18,158.05,100.52,90.08,155.92,104.91
"553",51,3,69.48,95.55,29.74,64.08,71.72,45.91
"554",51,4,320.18,344.35,240.52,245.08,313.42,198.91
"555",51,5,110.18,84.05,121.02,115.58,147.42,113.41
"556",51,6,82.48,66.35,22.32,53.58,73.72,44.21
"557",51,7,7.54,7.39,6.69,6.19,11.47,6.86
"558",51,8,22.55,13.53,12.21,20.9,48.42,31.94
"559",51,9,571.18,664.35,556.02,530.08,559.42,539.91
"560",51,10,409.18,344.35,380.02,322.38,426.42,335.91
"561",51,11,233.18,282.05,242.82,223.38,214.92,208.21
"562",52,1,108.48,107.05,60.11,86.08,103.92,104.91
"563",52,2,82.18,87.05,109.02,87.58,100.42,119.41
"564",52,3,63.18,146.85,45.18,68.08,61.42,47.91
"565",52,4,29.25,51.35,9.72,29.14,30.51,17.94
"566",52,5,9.34,20.38,11.04,14.27,33.46,12.87
"567",52,6,25.36,30.52,15.87,22.44,39.43,14.17
"568",52,7,28.27,30.23,18.92,29.14,13.72,10.1
"569",52,8,11.86,9.78,13.96,6.19,7.21,5.49
"570",52,9,50.48,48.05,29.03,27.19,66.22,71.21
"571",52,10,7.6,9.05,9.16,8.81,6.2,5.28
"572",52,11,4.49,8.39,8.55,6.19,5.21,5.55
"573",53,1,8.24,8.81,6.96,5.49,5.77,4
"574",53,2,4.46,4.52,6.89,4.46,21.89,4
"575",53,3,5.37,8.98,8.13,4.17,5.04,6.95
"576",53,4,332.18,342.35,215.02,326.88,296.42,228.21
"577",53,5,100.18,86.85,123.02,97.08,90.92,98.41
"578",53,6,285.48,253.05,267.82,232.08,231.42,230.91
"579",53,7,471.48,516.05,418.02,487.88,438.72,426.91
"580",53,8,1209.68,1323.05,871.02,1109.08,1026.42,855.91
"581",53,9,793.18,692.05,521.02,633.58,594.42,510.21
"582",53,10,468.68,547.35,309.02,336.08,435.72,358.91
"583",53,11,263.18,357.05,186.02,227.08,244.42,157.91
"584",54,1,138.68,171.05,81.02,160.08,97.42,119.91
"585",54,2,183.68,215.35,117.02,155.38,105.42,170.21
"586",54,3,48.48,98.35,40.21,51.08,42.93,30.95
"587",54,4,52.18,58.55,12.95,49.08,35.94,31.94
"588",54,5,116.18,86.05,47.98,106.08,79.92,65.21
"589",54,6,35.49,34.12,45.92,35.09,37.44,21.39
"590",54,7,61.18,52.55,63.07,62.88,68.92,31.44
"591",54,8,80.18,93.05,17.01,96.58,76.42,32.93
"592",54,9,66.18,78.05,22.71,64.08,61.72,34.92
"593",54,10,82.68,122.35,71.04,58.08,78.92,61.91
"594",54,11,7.44,9.05,15.98,17.25,6.93,11.67
"595",55,1,40.18,34.12,13.43,36.09,26.65,17.13
"596",55,2,285.98,545.05,188.82,334.08,368.42,299.71
"597",55,3,182.18,143.35,52.28,156.08,89.72,93.41
"598",55,4,57.18,41.56,18.26,48.08,43.43,25.39
"599",55,5,11.74,11.02,7.51,11.74,4.59,6.66
"600",55,6,113.48,89.05,49.21,107.08,12.54,47.91
"601",55,7,205.18,155.05,92.02,171.08,216.42,134.91
"602",55,8,282.18,290.35,179.02,243.38,280.92,167.21
"603",55,9,104.68,83.35,40.47,87.08,50.72,57.71
"604",55,10,32.7,46.05,13.23,32.11,35.45,20.49
"605",55,11,15.09,16.65,11.56,26.22,24.59,11.96
"606",56,1,24.42,12.45,16.23,11.19,15.7,8
"607",56,2,138.48,181.85,107.02,121.58,122.72,187.91
"608",56,3,174.18,197.35,122.02,148.08,136.42,177.91
"609",56,4,68.68,64.05,48.45,66.58,70.42,84.21
"610",56,5,112.98,118.85,112.82,96.58,123.22,103.91
"611",56,6,63.18,94.05,44.25,64.08,80.42,42.91
"612",56,7,8.51,12.61,9.76,7.96,5.57,4.91
"613",56,8,56.18,26.46,14.92,61.08,64.42,30.75
"614",56,9,1793.18,1838.05,1375.02,1564.08,1497.92,1379.91
"615",56,10,454.98,505.85,344.02,439.88,497.42,342.91
"616",56,11,8.06,16.65,13.57,7.68,15.7,6.95
"617",57,1,254.68,264.35,224.02,238.08,219.22,259.41
"618",57,2,230.68,149.05,125.52,178.08,145.22,133.91
"619",57,3,284.18,291.85,269.02,277.08,269.42,283.41
"620",57,4,140.18,221.05,123.02,167.08,129.92,121.41
"621",57,5,54.18,45.55,23.28,38.09,31.49,43.91
"622",57,6,81.18,95.35,41.09,41.09,89.42,49.41
"623",57,7,21.64,36.09,13.28,46.09,22.77,30.45
"624",57,8,356.18,232.85,201.02,321.38,291.42,317.91
"625",57,9,5.91,18.82,14.18,7.68,7.96,5.89
"626",57,10,794.98,749.05,490.32,600.08,594.92,466.41
"627",57,11,919.18,1026.05,686.02,727.08,668.42,737.71
"628",58,1,218.18,300.05,148.82,208.08,212.92,171.91
"629",58,2,174.48,180.05,128.02,189.08,158.42,143.91
"630",58,3,7.12,9.59,15.26,5.78,8.83,12.25
"631",58,4,61.18,72.05,41.09,75.38,105.42,50.91
"632",58,5,5.64,6.78,15.09,5.09,6.43,7.1
"633",58,6,8.13,6.14,15.33,7.28,176.92,28
"634",58,7,2606.98,2672.05,2334.02,2509.08,2163.72,2013.41
"635",58,8,41.18,61.55,13.57,58.38,46.92,44.91
"636",58,9,36.49,82.05,17.41,40.09,35.45,21.39
"637",58,10,56.18,47.05,39.33,63.08,53.42,45.41
"638",58,11,37.19,44.05,22.71,42.09,22.95,68.91
"639",59,1,62.98,62.05,18.26,84.08,41.73,28.78
"640",59,2,116.18,131.05,66.35,118.08,124.92,80.91
"641",59,3,17.37,28.32,13.57,26.51,55.42,27.02
"642",59,4,5.37,9.4,7.39,4.27,4.88,6.31
"643",59,5,36.69,44.05,11.04,32.41,8.95,9.86
"644",59,6,14.73,17,13.81,11.92,10.49,8.37
"645",59,7,7.44,8.39,7.66,7.34,5.48,4.79
"646",59,8,4.64,11.38,9,5.09,5.77,4.65
"647",59,9,4.69,6.34,11.49,4.42,3.86,5
"648",59,10,8.91,8.55,9.13,11.08,14.55,7.42
"649",59,11,5.86,5.95,12.81,4.74,7.21,4.34
"650",60,1,10.02,12.61,7.51,4.91,7.96,4.87
"651",60,2,35.19,35.1,17.01,18.9,40.43,25.1
"652",60,3,20.74,40.56,15.16,26.22,35.45,18.77
"653",60,4,13.58,15.65,14.5,10.15,10.97,4.91
"654",60,5,7.22,14.28,8.27,16.86,9.14,13.37
"655",60,6,7.88,14.1,8.27,11.74,47.42,5.66
"656",60,7,5.17,6.73,9.32,4.91,5.21,4.91
"657",60,8,5.43,4.7,6.51,6.45,5.77,4.91
"658",60,9,4.98,8.09,9.67,5.09,5.04,5.24
"659",60,10,16.05,19.59,8.97,19.76,7.5,9.19
"660",60,11,36.19,31.19,14.82,23.37,22.06,21.21
"661",61,1,129.48,125.05,46.57,156.08,133.42,98.41
"662",61,2,224.98,264.05,207.02,194.38,161.22,133.71
"663",61,3,518.18,519.05,271.02,448.88,496.22,351.41
"664",61,4,119.18,172.05,86.02,113.08,135.42,100.21
"665",61,5,48.48,72.85,18.61,52.58,30.51,24.63
"666",61,6,4.98,8.65,8.77,7.12,6.55,6.72
"667",61,7,9.79,8.33,10.62,5.95,130.72,7.16
"668",61,8,10.77,9.78,10.03,15.93,8.65,8.89
"669",61,9,8.13,8.71,14.43,6.45,6.8,6.18
"670",61,10,5.37,5.31,9,4.07,4.88,4.18
"671",61,11,9.56,9.97,8.27,6.45,7.5,6.18
"672",62,1,4.81,7.26,8.74,4.07,6.2,4.27
"673",62,2,13.38,22.28,11.04,18.31,12.83,10.6
"674",62,3,111.18,95.05,116.32,92.08,127.42,96.91
"675",62,4,25.36,36.09,11,27.19,25.52,17.53
"676",62,5,4.34,6.04,6.76,4.82,5.57,3.88
"677",62,6,4.06,5.47,6.51,3.1,6.04,6.66
"678",62,7,113.18,120.05,68.05,91.38,107.42,77.91
"679",62,8,16.58,16.65,16.23,15.71,18.7,21.39
"680",62,9,21.19,15.98,11.96,21.8,27.61,12.25
"681",62,10,44.98,71.05,14.66,35.09,79.92,37.91
"682",62,11,8.51,10.09,8,6.45,9.83,7.01
"683",63,1,5.33,4.83,9.21,3.91,122.42,7.32
"684",63,2,6.03,12.1,11.44,8.93,8.47,7.82
"685",63,3,273.18,332.05,230.02,301.08,319.72,274.21
"686",63,4,36.49,53.85,15.61,24.12,97.42,52.41
"687",63,5,323.18,394.05,279.02,317.08,384.42,264.71
"688",63,6,167.18,239.05,153.02,167.88,173.92,170.91
"689",63,7,9.69,8.71,6.76,6.45,20.34,7.32
"690",63,8,18.59,36.58,12.34,8.41,20.34,20.49
"691",63,9,30.23,37.38,15.44,24.59,40.43,18.77
"692",63,10,278.98,396.05,197.82,234.38,301.42,228.91
"693",63,11,12.44,21.2,8.69,7.12,25.24,10.1
"694",64,1,943.48,1095.85,1009.02,847.08,863.42,948.91
"695",64,2,211.18,273.05,213.52,209.58,289.72,233.91
"696",64,3,4.34,5.11,7.15,4.13,5.83,4.42
"697",64,4,8.32,14.28,11.49,5.71,5.83,7.82
"698",64,5,6.36,8.65,8.69,5.71,7.21,8.77
"699",64,6,14.38,9.89,8.69,9.91,8.13,11.56
"700",64,7,3.6,5.95,7.17,5.29,3.81,5.28
"701",64,8,108.18,128.05,58.13,112.88,176.72,99.91
"702",64,9,196.48,206.05,97.32,143.08,224.92,156.21
"703",64,10,4.38,5.59,6.81,4.07,4.08,3.55
"704",64,11,52.18,75.05,43.8,48.08,77.42,42.21
"705",65,1,256.18,257.85,213.52,220.38,250.92,237.91
"706",65,2,64.18,66.05,26.32,63.08,60.42,49.71
"707",65,3,59.68,40.06,22.71,56.38,38.43,63.21
"708",65,4,125.18,168.05,55,126.08,104.72,101.91
"709",65,5,36.19,58.05,14.59,45.59,34.45,15.09
"710",65,6,7.12,83.55,12.29,5.29,86.42,21.66
"711",65,7,19.01,11.95,9.37,21.99,26.65,7.42
"712",65,8,6.23,12.61,9.63,7.03,97.72,22.75
"713",65,9,61.68,23.75,17.01,24.78,43.72,51.91
"714",65,10,114.18,100.05,23.28,82.38,100.22,45.21
"715",65,11,41.18,46.55,20.59,25.26,72.92,30.95
"716",66,1,52.18,42.06,20.1,26.03,18.7,9.77
"717",66,2,282.48,241.05,283.52,258.58,284.42,288.91
"718",66,3,285.48,359.55,259.02,235.88,286.92,286.91
"719",66,4,18.18,18.07,11.72,33.4,9.62,6.44
"720",66,5,8.63,4.08,7.91,6.45,10.4,10.6
"721",66,6,6.82,5.82,6.3,8.81,6.8,8
"722",66,7,4.2,6.2,11.26,4.91,4.36,5.28
"723",66,8,5.91,5.64,7.48,5.19,7.65,5.7
"724",66,9,12.03,9.78,9.32,12.33,10.18,8.77
"725",66,10,11.86,10.58,13.72,12.95,8.95,8
"726",66,11,23.94,30.52,12.47,21.53,13.12,21.39
"727",67,1,24.7,47.85,10.83,22.44,37.44,28.98
"728",67,2,153.18,167.05,78.83,183.38,140.72,91.91
"729",67,3,22.55,43.55,11.72,20.9,24.32,9.19
"730",67,4,199.48,132.05,134.02,130.08,137.42,116.91
"731",67,5,238.18,243.55,172.02,215.08,244.42,187.91
"732",67,6,642.18,748.55,517.02,741.08,585.42,495.71
"733",67,7,149.48,224.05,115.82,133.08,150.22,135.71
"734",67,8,290.98,270.35,288.32,235.08,305.42,264.91
"735",67,9,11.86,47.35,12.21,10.92,14.03,11.56
"736",67,10,4.1,8.98,6.48,3.49,4.85,3.47
"737",67,11,43.48,75.85,20,62.08,51.22,32.43
"738",68,1,6.54,7.52,6.66,6.59,8.95,7.01
"739",68,2,161.68,235.85,108.02,167.38,102.72,121.71
"740",68,3,15.82,15.33,7.93,12.03,20.34,9.32
"741",68,4,1495.18,1610.85,1031.02,1387.08,1550.42,999.91
"742",68,5,1310.48,1086.35,1043.32,1093.58,1602.92,973.21
"743",68,6,16.05,37.08,15.16,25.26,24.78,10.75
"744",68,7,34.2,23.75,20.1,22.44,33.46,9.32
"745",68,8,53.18,58.05,13.96,62.38,48.72,28
"746",68,9,10.26,10.17,13.09,19.76,6.63,19.62
"747",68,10,11.86,20.62,7.62,8.41,11.47,8.3
"748",68,11,35.19,26.46,12.87,16.31,28.57,13.51
"749",69,1,31.22,26.46,10.93,20.9,21.19,19.88
"750",69,2,26.32,38.87,11.21,23.37,20.59,9.41
"751",69,3,24.42,20.22,15.79,26.22,19.92,26.54
"752",69,4,33.2,38.07,12.54,37.09,20.59,23.96
"753",69,5,25.36,11.02,12.21,15.71,22.33,7.65
"754",69,6,9.79,9.89,8.27,12.82,6.68,7.65
"755",69,7,19.87,50.05,10.89,19.16,19.92,8.97
"756",69,8,6.23,16.86,7.75,3.88,22.06,6.44
"757",69,9,16.97,16.86,11.49,17.25,10.73,10.5
"758",69,10,5.04,3.98,6.3,4.74,5.21,3.65
"759",69,11,6.28,5.16,9.21,6.07,4.23,5.28
"760",70,1,5.57,12.61,8.81,5.06,6.93,6.18
"761",70,2,231.48,395.55,186.32,241.08,230.42,155.91
"762",70,3,6.54,19.43,10.28,7.12,5.83,7.26
"763",70,4,7.12,4.68,10.42,6.73,10.87,6.66
"764",70,5,9.04,9.78,13,13.46,10.49,8.37
"765",70,6,9.93,6.56,12.68,9.23,10.49,7.75
"766",70,7,6.28,7.26,7.87,4.65,7.96,6.52
"767",70,8,9.79,8.65,6.66,9.02,5.63,4.57
"768",70,9,4.24,6.78,6.48,5.49,6.2,4
"769",70,10,3.94,5.82,7.28,5.29,5.09,5.28
"770",70,11,82.18,53.05,30.47,63.08,51.42,40.21
"771",71,1,4.49,7.52,7.75,7.68,5.77,7.01
"772",71,2,76.18,25.54,13.09,53.58,48.42,40.21
"773",71,3,28.75,15.52,8,6.45,8.13,4.91
"774",71,4,4.49,7.39,9.72,4.49,4.73,4.27
"775",71,5,12.44,10.8,9.05,15.93,10.63,13.51
"776",71,6,27.29,57.35,14.5,35.09,21.62,15.6
"777",71,7,181.18,150.55,116.02,182.88,237.42,155.21
"778",71,8,10.77,24.02,9.05,8.41,23.86,8.37
"779",71,9,5.64,9.89,7.75,6.88,5.63,10.6
"780",71,10,6.28,8.33,7.54,4.65,7.21,5.28
"781",71,11,4.34,10.37,8.45,6.32,8.83,5.94
"782",72,1,246.68,239.05,135.82,202.58,184.42,167.41
"783",72,2,34.49,37.87,12.68,39.59,24.78,30.95
"784",72,3,331.68,300.05,255.02,287.88,260.42,220.91
"785",72,4,14.25,11.47,10.83,7.78,14.35,14.04
"786",72,5,8.13,5.42,7.75,9.68,4.73,8
"787",72,6,137.18,151.05,98.32,145.58,135.22,101.91
"788",72,7,67.18,53.05,14.5,40.59,43.72,45.21
"789",72,8,118.18,150.35,60.6,122.08,113.42,63.71
"790",72,9,39.68,97.05,41.36,67.08,57.42,34.42
"791",72,10,8.63,11.15,8.97,8.22,8.58,9.63
"792",72,11,106.68,100.55,63.07,84.08,105.92,75.91
"793",73,1,5.64,8.71,9,5.71,9.54,5.94
"794",73,2,26.61,46.05,12.08,39.89,41.43,18.6
"795",73,3,4.86,4.97,7.51,5.49,6.8,4.42
"796",73,4,6.15,5.73,8.13,4.74,5.3,4
"797",73,5,125.48,150.55,86.02,96.08,117.42,127.91
"798",73,6,79.18,76.05,44.99,51.38,67.72,47.91
"799",73,7,5.33,8.39,10.68,6.02,5.26,5.49
"800",73,8,7.77,11.02,12.73,4.91,9.33,6.66
"801",73,9,53.18,62.35,56.17,76.08,204.92,47.91
"802",73,10,44.68,55.85,21.62,43.09,33.76,45.21
"803",73,11,152.18,145.05,132.02,166.38,141.22,107.91
"804",74,1,12.03,8.71,8.4,13.93,13.72,6.01
"805",74,2,7.12,11.02,7.17,4.79,63.42,14.73
"806",74,3,9.34,7.6,9.05,8.81,10.73,8.77
"807",74,4,6.36,6.78,8.27,6.73,7.21,8.11
"808",74,5,8.51,8.39,8.38,5.29,15.21,5.09
"809",74,6,7.88,7.01,9.72,8.03,8.13,6.44
"810",74,7,13.25,13.53,11.15,11.19,9.83,5.28
"811",74,8,5.17,10.17,8.2,4.34,8.4,5.7
"812",74,9,3.82,6.56,7.06,3.79,6.93,6.18
"813",74,10,3.91,8857.05,7.28,4.65,9.83,3.11
"814",74,11,28.27,36.09,10.42,24.31,24.32,17.94
"815",75,1,83.48,73.35,98.02,61.58,197.42,80.91
"816",75,2,292.18,206.55,142.82,239.08,200.42,117.91
"817",75,3,15.09,10.17,9.05,11.08,15.01,10.5
"818",75,4,52.18,48.05,32.73,36.09,62.42,31.74
"819",75,5,6.82,9.59,8.4,4.39,6.93,9.63
"820",75,6,4.06,5.42,8.69,6.82,5.73,4.91
"821",75,7,11.86,9.4,7.81,6.19,5.98,4.7
"822",75,8,7.77,6.78,8.27,5.09,6.27,5.94
"823",75,9,18.18,14.4,21.1,12.51,22.06,7.65
"824",75,10,125.48,123.85,82.02,122.38,104.42,87.91
"825",75,11,110.18,124.35,33.52,78.38,74.42,62.91
"826",76,1,29.25,48.55,13,37.39,34.45,13.18
"827",76,2,101.68,115.35,59.12,75.08,75.42,67.91
"828",76,3,11.74,14.1,7.54,7.44,7.74,7.65
"829",76,4,6.91,818.05,7.06,8.22,5.73,5.09
"830",76,5,12.03,8.55,8.4,10.66,7.96,10.6
"831",76,6,3.74,8.71,8.69,6.54,7.8,12.25
"832",76,7,101.18,119.35,69.04,72.08,97.42,62.41
"833",76,8,94.48,93.05,84.02,106.08,110.72,88.71
"834",76,9,130.68,120.05,88.02,85.88,152.42,111.71
"835",76,10,241.98,256.35,205.02,218.58,247.42,238.21
"836",76,11,588.18,524.35,498.02,490.08,507.42,591.71
"837",77,1,1505.98,1634.35,1325.02,1346.38,1444.22,1258.91
"838",77,2,239.68,267.05,113.32,187.38,209.42,159.41
"839",77,3,135.68,120.35,53.25,105.58,127.72,91.71
"840",77,4,8.13,26.27,12.21,11.46,17.15,26.35
"841",77,5,324.18,355.05,278.02,305.58,320.72,317.21
"842",77,6,468.18,447.55,494.02,343.88,519.42,545.91
"843",77,7,88.18,74.05,61.09,63.08,93.22,88.91
"844",77,8,32.51,22.28,20.59,19.76,82.42,34.92
"845",77,9,55.48,99.05,44.25,44.89,94.72,59.91
"846",77,10,88.48,87.05,121.32,124.08,298.42,140.91
"847",77,11,522.18,534.85,339.82,513.08,511.92,428.91
"848",78,1,748.18,823.05,750.32,623.08,861.92,599.91
"849",78,2,11.46,11.95,10.22,7.68,11.88,16.35
"850",78,3,15.09,11.71,13.81,16.47,12.54,14.87
"851",78,4,54.18,20.38,15.16,73.08,40.73,21.66
"852",78,5,131.18,211.35,89.82,116.08,330.42,94.41
"853",78,6,135.68,96.85,76.83,107.08,155.42,69.91
"854",78,7,84.48,100.55,46.57,81.88,79.72,81.91
"855",78,8,33.5,58.55,12.41,39.39,18.7,8.89
"856",78,9,27.1,17.35,14.82,12.33,10.97,20.32
"857",78,10,37.19,49.35,24.75,27.48,22.95,11.67
"858",78,11,5.64,13.53,10.42,7.34,7.5,6.13
"859",79,1,6.03,7.21,8,4.13,5.21,4.91
"860",79,2,8.51,9.05,8.31,4.57,9.22,5.55
"861",79,3,8.51,7.8,8.13,10.66,7.8,8.3
"862",79,4,22.83,38.07,15.26,8.33,54.42,9.63
"863",79,5,9.04,8.09,7.28,15.71,10.97,6.52
"864",79,6,23.48,43.05,14.18,22.44,13.72,12.87
"865",79,7,20.74,14.1,10.83,17.49,10.87,9.19
"866",79,8,123.18,84.05,60.4,106.38,84.42,69.21
"867",79,9,35.49,25.54,22.71,20.64,35.25,35.22
"868",79,10,4.2,12.45,6.3,5.78,8.13,9.86
"869",79,11,146.48,127.05,98.02,113.08,141.42,95.91
"870",80,1,183.18,223.05,145.02,171.38,182.22,125.41
"871",80,2,36.19,22.03,13.87,27.19,15.91,8.77
"872",80,3,24.42,14.1,12.47,16.08,23.67,8.37
"873",80,4,17.37,22.88,10.62,24.31,13.72,8.37
"874",80,5,196.48,316.05,169.02,235.08,251.42,149.21
"875",80,6,131.98,111.35,91.02,146.38,163.42,120.91
"876",80,7,33.2,12.61,9.16,11.35,17.37,21.39
"877",80,8,644.18,745.85,439.32,546.88,574.42,426.91
"878",80,9,464.98,594.05,486.02,493.58,564.22,461.21
"879",80,10,813.98,710.05,718.02,585.08,779.42,677.21
"880",80,11,199.68,186.05,131.02,150.08,138.92,112.91
"881",81,1,4.41,9.05,7.87,4.96,6.68,6.31
"882",81,2,4.24,7.74,5.82,4.7,5.98,3.76
"883",81,3,23.48,50.55,10.42,25.26,42.43,14.17
"884",81,4,7.12,7.88,7.2,7.03,9.74,7.01
"885",81,5,13.06,35.1,13.28,6.19,12.26,10.6
"886",81,6,79.18,90.05,57.15,67.08,58.42,72.91
"887",81,7,7.77,9.78,7.66,4,7.8,7.65
"888",81,8,136.18,154.85,38.47,105.58,145.72,63.91
"889",81,9,65.18,79.55,52.28,47.08,79.92,64.91
"890",81,10,30.23,35.1,15.09,24.31,27.61,13.7
"891",81,11,917.18,909.05,777.82,852.08,773.42,647.91
"892",82,1,4.64,6.14,7.75,4.96,5.13,4.96
"893",82,2,11.46,9.4,6.46,5.49,25.71,5.49
"894",82,3,4.64,8.33,6.6,6.73,7.5,6.18
"895",82,4,41.68,62.05,11.72,46.09,40.23,31.94
"896",82,5,31.22,33.14,12.34,11.74,38.43,11.96
"897",82,6,3.94,8.09,8,7.03,6.93,3.52
"898",82,7,11.74,14.28,9.49,11.74,9.62,7.42
"899",82,8,86.98,75.35,28.33,81.08,41.93,41.91
"900",82,9,46.18,67.05,26.32,49.58,68.42,38.91
"901",82,10,6.68,4.83,10.42,6.45,5.57,4.74
"902",82,11,11.3,7.74,9,9.36,6.75,6.44
"903",83,1,5.57,5.34,6.66,7.03,9.22,7.01
"904",83,2,8.13,5.19,6.96,5.09,6.2,7.16
"905",83,3,4.89,6.14,8.55,5.83,4.88,7.1
"906",83,4,5.68,6.34,11.26,4.13,5.26,4.14
"907",83,5,4.06,5.42,8.66,6.45,6.8,4.27
"908",83,6,5.8,6.78,7.93,5.29,7.96,4.57
"909",83,7,6.63,8.71,8.13,8.03,8.13,5.7
"910",83,8,7.22,6.3,6.86,8.41,6.93,6.66
"911",83,9,4.06,6.78,6.48,5.35,5.3,4.46
"912",83,10,4.06,11.02,7.15,3.91,5.39,5.38
"913",83,11,3.94,4.83,10.22,4.74,4.32,3.63
"914",84,1,34,31.97,18.7,14.97,24.32,22.11
"915",84,2,69.18,73.85,29.74,45.09,68.42,40.21
"916",84,3,65.18,115.05,98.02,72.08,69.92,74.91
"917",84,4,126.18,168.35,84.02,146.08,148.42,70.91
"918",84,5,17.37,5.95,7.28,13.59,17.15,8.11
"919",84,6,4.69,8.18,9.67,3.7,11.47,5.15
"920",84,7,15.82,11.02,8.69,25.26,9.22,10.1
"921",84,8,9.34,15.98,14.18,10.06,9.54,6.72
"922",84,9,265.18,281.05,159.02,252.08,256.42,108.21
"923",84,10,172.68,211.55,131.02,194.38,164.42,116.91
"924",84,11,340.18,302.05,280.82,334.88,285.42,287.91
"925",85,1,422.68,443.05,328.02,380.08,402.72,320.91
"926",85,2,40.18,98.55,27.51,40.09,61.72,30.95
"927",85,3,20.74,19.83,8.55,19.16,11.99,13.18
"928",85,4,4.64,4.03,7.75,4,5.77,4
"929",85,5,62.68,55.05,28.54,53.88,52.42,54.91
"930",85,6,33.2,43.05,14.82,25.74,27.61,37.91
"931",85,7,487.18,478.85,595.52,446.08,454.72,582.21
"932",85,8,1374.48,1401.35,1022.02,1084.08,1127.42,1052.21
"933",85,9,941.48,1264.85,1035.82,757.08,977.42,1085.91
"934",85,10,480.18,463.05,449.02,426.88,482.42,477.21
"935",85,11,7.12,4.77,6.91,6.27,6.5,5.7
"936",86,1,48.98,44.05,56.17,34.1,106.72,97.91
"937",86,2,308.18,297.35,249.02,262.88,391.42,282.91
"938",86,3,555.18,641.05,441.02,552.08,667.42,438.91
"939",86,4,419.48,608.05,372.52,433.38,494.42,379.41
"940",86,5,77.68,83.05,100.02,94.88,173.42,139.91
"941",86,6,54.18,21.03,13.87,33.1,56.42,44.21
"942",86,7,138.98,110.85,84.02,108.38,161.42,104.91
"943",86,8,129.18,122.05,42.7,100.08,122.42,92.21
"944",86,9,20.74,10.93,9.85,23.65,28.57,11.67
"945",86,10,12.44,5.95,10.22,6.02,4.88,5.94
"946",86,11,7.54,11.71,9.46,12.95,20.34,7.32
"947",87,1,17.77,11.02,7.93,6.14,11.21,5.77
"948",87,2,7.88,6.62,7.62,4.96,4.45,4.14
"949",87,3,7.77,8.39,8.27,4.11,12.71,4.74
"950",87,4,5.8,7.01,6.84,3.74,6.09,4.32
"951",87,5,26.32,20.38,11.26,7.34,14.35,15.6
"952",87,6,126.68,139.05,87.52,106.38,89.42,91.91
"953",87,7,559.18,561.05,457.02,502.58,514.92,504.91
"954",87,8,10.41,13.53,12.47,8.53,19.92,32.93
"955",87,9,184.18,217.05,107.82,167.08,143.42,126.91
"956",87,10,96.98,114.05,48.74,110.08,94.22,58.91
"957",87,11,13.71,23.14,10.78,14.83,26.65,7.65
"958",88,1,31.71,50.05,18.26,18.07,25.71,29.27
"959",88,2,994.18,815.05,683.02,805.08,778.42,638.91
"960",88,3,89.48,140.05,50.84,81.08,96.42,81.91
"961",88,4,13.58,11.02,13,25.26,10.49,5.28
"962",88,5,618.18,754.05,575.82,667.38,767.42,528.91
"963",88,6,16.58,15.33,8.92,6.73,5.77,8.97
"964",88,7,86.18,148.55,66.05,96.88,108.22,88.91
"965",88,8,19.01,56.35,11.96,19.76,25.99,14.17
"966",88,9,5.8,6.45,6.48,5.56,6.93,6.58
"967",88,10,8.91,6.73,12.21,5.29,6.2,6.13
"968",88,11,4.81,19.59,9.54,5.35,5.04,9.63
"969",89,1,4.64,7.01,8.17,3.7,4.14,4.57
"970",89,2,9.34,8.39,9.16,4,6.68,6.72
"971",89,3,7.06,10.71,6.66,8.41,14.55,8
"972",89,4,4.2,6.73,8.31,4.79,5.98,10.25
"973",89,5,8.91,10.29,9.49,8.03,7.02,26.35
"974",89,6,94.18,99.05,49.4,81.08,46.92,66.71
"975",89,7,81.18,101.35,71.54,72.08,75.92,90.91
"976",89,8,4.34,4.9,6.66,5,7.65,3.65
"977",89,9,95.18,98.35,66.05,76.38,100.42,72.91
"978",89,10,103.48,121.05,56.66,96.58,90.42,102.71
"979",89,11,12.15,18.67,6.76,8.41,14.03,26.54
"980",90,1,15.09,10.29,8.4,6.27,10.63,7.48
"981",90,2,39.18,38.87,16.23,41.39,51.42,55.91
"982",90,3,133.18,97.85,81.02,83.08,119.72,68.21
"983",90,4,19.01,42.35,12.47,19.76,17.37,38.91
"984",90,5,10.02,26.46,10.22,7.68,7.74,6.86
"985",90,6,3.94,5.09,8.55,4.42,5.77,4.49
"986",90,7,5.04,6.89,7.28,9.23,5.39,5.28
"987",90,8,8.51,16.65,11.26,8.81,13.12,7.65
"988",90,9,16.58,22.28,14.76,7.34,20.34,11.28
"989",90,10,64.98,54.55,10.42,46.09,29.54,28.98
"990",90,11,8.71,9.97,9.63,15.34,17.15,8.89
"991",91,1,8.13,11.47,8.84,9.23,8.47,4.96
"992",91,2,16.97,9.78,7.68,6.45,7.29,7.93
"993",91,3,8.91,14.7,19.15,12.33,183.42,30.95
"994",91,4,1374.18,1189.05,1363.02,1117.38,1437.42,1433.91
"995",91,5,6.03,12.71,8.55,17.25,13.91,7.65
"996",91,6,9.56,12.98,10.42,18.07,13.6,7.65
"997",91,7,65.98,53.85,16.23,30.13,44.42,30.95
"998",91,8,19.7,36.88,10.42,20.64,40.43,22.75
"999",91,9,239.48,226.55,136.02,246.38,262.22,127.91
"1000",91,10,7.77,10.58,9.16,7.85,12.54,6.39
"1001",91,11,7.44,5.56,8.55,5.29,4.36,7.16
"1002",92,1,9.47,6.97,13,6.59,11.47,6.26
"1003",92,2,16.2,23.75,11.72,13.59,19.51,11.67
"1004",92,3,4.69,5.95,7.1,3.88,6.2,3.76
"1005",92,4,85.18,79.55,62.08,83.08,66.92,93.41
"1006",92,5,7.22,9.51,8.62,7.68,7.29,7.32
"1007",92,6,10.26,15.33,7.78,15.19,15.7,9.63
"1008",92,7,23.76,45.05,15.16,11.74,117.42,24.15
"1009",92,8,33.5,50.05,12.47,21.99,82.92,44.41
"1010",92,9,48.18,37.08,17.41,42.39,36.44,49.91
"1011",92,10,54.18,48.35,36.19,63.08,63.42,55.91
"1012",92,11,82.18,115.05,64.36,85.38,87.92,85.91
"1013",93,1,44.98,36.09,17.13,29.14,35.45,30.95
"1014",93,2,8.24,11.95,11.72,12.51,11.99,9.41
"1015",93,3,46.18,29.75,20.49,43.09,39.73,42.91
"1016",93,4,13.06,11.71,13.87,20.46,6.5,7.82
"1017",93,5,430.48,498.85,319.52,367.38,414.22,336.21
"1018",93,6,401.98,416.05,356.52,402.88,442.42,293.91
"1019",93,7,215.18,164.05,144.02,137.08,161.92,142.71
"1020",93,8,169.48,132.05,84.52,142.08,229.42,79.91
"1021",93,9,244.68,168.05,194.82,168.08,179.72,167.91
"1022",93,10,775.18,723.05,723.52,642.08,675.72,693.91
"1023",93,11,72.18,65.35,29.74,66.08,64.42,57.41
"1024",94,1,18.18,10.93,15.51,23.37,17.91,12.43
"1025",94,2,9.12,10.09,9.32,8.6,10.49,8.77
"1026",94,3,541.18,515.35,529.02,462.58,487.42,552.91
"1027",94,4,181.18,192.05,118.52,162.08,152.42,131.91
"1028",94,5,449.98,326.05,314.02,403.58,358.72,330.91
"1029",94,6,201.18,127.55,133.02,146.08,189.42,118.91
"1030",94,7,11.86,18.07,15.61,27,16.41,16.74
"1031",94,8,19.01,11.47,11.49,17.25,13.72,5.94
"1032",94,9,3.82,5.59,6.96,4.96,5.21,5.49
"1033",94,10,3.94,9.89,7.17,3.65,8.83,5.49
"1034",94,11,48.18,70.05,28.54,46.09,38.93,29.96
"1035",95,1,3.7,4.83,6.96,3.44,4.88,3.68
"1036",95,2,5.91,7.52,8.55,5.49,10.73,7.32
"1037",95,3,28.27,26,18.04,25.26,36.44,28.49
"1038",95,4,19.87,23.75,11.33,14.27,44.72,26.35
"1039",95,5,5.86,8.39,8.55,4.42,11.99,7.65
"1040",95,6,3.76,6.34,8.38,5.71,5.94,5.77
"1041",95,7,5.8,9.4,6.69,6.45,8.13,9.86
"1042",95,8,10.92,15.33,8,15.93,8.47,6.72
"1043",95,9,10.77,14.7,8.77,11.19,11.99,10.1
"1044",95,10,10.77,24.64,13.57,6.19,89.42,12.87
"1045",95,11,11.03,21.2,11.72,12.95,25.52,8.11
"1046",96,1,15.82,30.23,9.49,7.44,12.54,16.74
"1047",96,2,17.37,14.7,10.12,14.97,14.55,6.95
"1048",96,3,16.58,13.42,19.52,8.22,18.54,15.23
"1049",96,4,8.91,9.05,8.55,10.4,20.76,16.35
"1050",96,5,10.92,6.3,6.66,4.7,10.97,5.7
"1051",96,6,3.82,6.41,6.99,5.56,5.3,4.14
"1052",96,7,4.69,4.97,8.13,4.74,8.23,3.44
"1053",96,8,3.82,5.82,6.57,5.71,6.93,4.42
"1054",96,9,4.64,9.51,6.71,5.29,5.57,4.91
"1055",96,10,19.87,21.03,13.66,25.55,16.41,11.39
"1056",96,11,5.43,7.6,8.33,6.19,9.83,6.39
"1057",97,1,61.18,56.05,15.51,45.39,61.72,28.78
"1058",97,2,5.43,9.78,10.22,4.79,5.26,5.09
"1059",97,3,13.06,19.59,8.31,10.66,12.71,7.26
"1060",97,4,54.18,73.05,36.77,56.08,39.73,31.44
"1061",97,5,111.98,84.55,40.21,102.58,82.22,97.91
"1062",97,6,52.18,97.05,25.06,43.09,66.22,61.71
"1063",97,7,29.05,23.75,11.67,37.09,11.62,26.06
"1064",97,8,14.73,10.17,8.62,4.42,10.63,5.09
"1065",97,9,79.98,65.05,23.28,67.08,84.22,41.91
"1066",97,10,52.18,24.64,18.26,45.39,32.28,36.92
"1067",97,11,5.57,40.06,9.76,7.03,10.05,12.25
"1068",98,1,87.18,52.05,14.02,70.38,59.42,25.39
"1069",98,2,501.18,561.55,440.32,406.38,418.42,412.91
"1070",98,3,99.18,142.05,45.92,84.08,104.42,74.21
"1071",98,4,8.51,20.62,8.4,7.51,15.7,7.32
"1072",98,5,27.78,34.12,13.87,35.59,35.94,32.93
"1073",98,6,5.33,9.05,6.34,5.09,26.46,6.06
"1074",98,7,79.48,43.05,44.07,53.08,45.92,41.91
"1075",98,8,93.18,89.85,35.36,67.38,91.72,51.41
"1076",98,9,121.68,93.05,78.83,85.08,109.42,77.71
"1077",98,10,200.18,178.05,153.02,187.08,186.42,158.91
"1078",98,11,100.18,122.05,59.12,123.08,78.42,48.91
"1079",99,1,188.18,173.05,87.02,170.08,151.92,113.91
"1080",99,2,215.18,244.05,165.52,209.08,206.42,122.91
"1081",99,3,73.18,128.05,39.33,83.08,106.42,71.91
"1082",99,4,13.71,33.14,17.21,9.68,158.42,35.92
"1083",99,5,449.68,441.05,262.02,421.58,346.72,228.91
"1084",99,6,650.68,880.05,512.32,521.08,486.22,552.91
"1085",99,7,881.98,997.55,750.32,723.58,696.42,734.21
"1086",99,8,6.03,6.73,7.31,5.95,8.47,4.91
"1087",99,9,6.68,4.83,7.62,5.25,4.73,5.49
"1088",99,10,7.77,6.14,7.51,4.91,4.49,5.49
"1089",99,11,4.61,7.52,7.31,5.49,5.57,28.98
"1090",100,1,73.18,69.35,43.8,74.08,65.42,53.41
"1091",100,2,114.48,105.05,103.02,68.38,105.42,93.41
"1092",100,3,180.18,153.05,120.02,151.08,137.42,117.91
"1093",100,4,13.71,22.03,12.21,10.15,12.54,17.37
"1094",100,5,308.48,353.05,206.82,287.08,306.42,206.91
"1095",100,6,134.68,201.05,65.36,123.88,161.42,105.71
"1096",100,7,3234.48,3410.35,2456.32,2760.38,2990.42,2425.21
"1097",100,8,157.48,248.05,132.52,139.58,197.92,149.91
"1098",100,9,33.2,40.06,17.83,25.55,26.65,27.02
"1099",100,10,7.77,10.5,8.33,8.6,8.47,10.86
"1100",100,11,33.2,35.1,11.15,25.26,34.45,23.5
